customerId,firstName,lastName,email,gender
1,Bronson,Clemensen,bclemensen0@sogou.com,Male
2,Ely,Hatter,ehatter1@dot.gov,Male
3,Maxie,Trencher,mtrencher2@fema.gov,Male
4,Xenia,Ruggles,xruggles3@unesco.org,Female
5,Stanleigh,Stigger,sstigger4@yellowpages.com,Male
6,Skippy,Palatini,spalatini5@techcrunch.com,Male
7,Clarissa,Fearon,cfearon6@un.org,Female
8,Kennith,Loach,kloach7@marriott.com,Male
9,Piper,Meffen,pmeffen8@i2i.jp,Female
10,Melantha,Faulder,mfaulder9@technorati.com,Female
11,Page,Jaggar,pjaggara@thetimes.co.uk,Female
12,Addison,Hagley,ahagleyb@nbcnews.com,Male
13,Isidor,Musson,imussonc@flickr.com,Male
14,Mable,Woolfall,mwoolfalld@go.com,Female
15,Harlan,McConnachie,hmcconnachiee@mit.edu,Male
16,Lorin,Brixey,lbrixeyf@discovery.com,Male
17,Prescott,O'Brollachain,pobrollachaing@smh.com.au,Male
18,Torrence,Bazeley,tbazeleyh@cornell.edu,Male
19,Francene,Beasant,fbeasanti@woothemes.com,Female
20,Louella,McMichan,lmcmichanj@t-online.de,Female
21,King,Hares,kharesk@intel.com,Male
22,Symon,Kloser,skloserl@wikia.com,Male
23,Lacey,Parcells,lparcellsm@weebly.com,Female
24,Abbey,Tarry,atarryn@twitter.com,Male
25,Rosmunda,Ebbs,rebbso@mac.com,Female
26,Allie,Andrusyak,aandrusyakp@plala.or.jp,Male
27,Billi,Trewartha,btrewarthaq@oracle.com,Female
28,Wilow,Penylton,wpenyltonr@e-recht24.de,Female
29,Cynde,MacCallister,cmaccallisters@dmoz.org,Female
30,Meier,Farragher,mfarraghert@nydailynews.com,Male
31,Melantha,Arias,mariasu@craigslist.org,Female
32,Glendon,Roads,groadsv@is.gd,Male
33,Mead,Barkway,mbarkwayw@geocities.jp,Female
34,Georgeanne,Archdeckne,garchdecknex@reuters.com,Female
35,Debi,Newitt,dnewitty@flavors.me,Female
36,Karena,Beverstock,kbeverstockz@acquirethisname.com,Female
37,Rusty,Oliveira,roliveira10@themeforest.net,Male
38,Marley,Seiler,mseiler11@marketwatch.com,Female
39,Farlay,Keenlayside,fkeenlayside12@google.com.hk,Male
40,Maire,Brinsden,mbrinsden13@macromedia.com,Female
41,Gilles,Peggs,gpeggs14@techcrunch.com,Male
42,Lorelei,Manach,lmanach15@facebook.com,Female
43,Ariel,Hellis,ahellis16@meetup.com,Male
44,Meggi,Feldmark,mfeldmark17@cdc.gov,Female
45,Gerta,Wiggam,gwiggam18@booking.com,Female
46,Joy,Holberry,jholberry19@wikia.com,Female
47,Valaria,Kinmond,vkinmond1a@nps.gov,Female
48,Joshia,Double,jdouble1b@umn.edu,Male
49,Randie,Bosman,rbosman1c@weebly.com,Male
50,Kerwinn,Sollas,ksollas1d@google.com,Male
51,Mal,Tydd,mtydd1e@vimeo.com,Male
52,Dana,Dumingos,ddumingos1f@sakura.ne.jp,Male
53,Tresa,Lockner,tlockner1g@prweb.com,Female
54,Vilma,Morsey,vmorsey1h@rediff.com,Female
55,Bernadina,Martijn,bmartijn1i@mozilla.com,Female
56,Dede,Richen,drichen1j@sohu.com,Female
57,Matteo,Jozsa,mjozsa1k@360.cn,Male
58,Balduin,Scamal,bscamal1l@prlog.org,Male
59,Latashia,Toohey,ltoohey1m@sciencedirect.com,Female
60,Tommy,Wrightim,twrightim1n@blogtalkradio.com,Male
61,Cahra,Pinfold,cpinfold1o@si.edu,Female
62,Chic,Putterill,cputterill1p@china.com.cn,Male
63,Jammie,Lagneaux,jlagneaux1q@about.me,Female
64,Hadria,Steaning,hsteaning1r@cisco.com,Female
65,Basil,Lurner,blurner1s@nba.com,Male
66,Faye,Crates,fcrates1t@blogger.com,Female
67,Nelli,Hugnin,nhugnin1u@scientificamerican.com,Female
68,Joseph,Blum,jblum1v@europa.eu,Male
69,Nerita,Sillett,nsillett1w@amazon.co.uk,Female
70,Leela,Bruhnsen,lbruhnsen1x@typepad.com,Female
71,Bessy,Ewington,bewington1y@t.co,Female
72,Ardelia,Rosterne,arosterne1z@blogger.com,Female
73,Kirstin,Stithe,kstithe20@cafepress.com,Female
74,Orv,Rourke,orourke21@amazon.com,Male
75,Parry,Le Cornu,plecornu22@princeton.edu,Male
76,Lemmie,Champkin,lchampkin23@cisco.com,Male
77,Stillman,Haistwell,shaistwell24@oaic.gov.au,Male
78,Abby,Guiduzzi,aguiduzzi25@independent.co.uk,Male
79,Dale,Bussel,dbussel26@epa.gov,Male
80,Dasie,Larraway,dlarraway27@hugedomains.com,Female
81,Ignazio,Haddleton,ihaddleton28@mtv.com,Male
82,Beverie,Barney,bbarney29@acquirethisname.com,Female
83,Hilarius,Andrag,handrag2a@etsy.com,Male
84,Crista,Bignall,cbignall2b@mozilla.com,Female
85,Gonzalo,Kingswell,gkingswell2c@pcworld.com,Male
86,Broderick,Trewin,btrewin2d@netlog.com,Male
87,Guido,Mahaddy,gmahaddy2e@abc.net.au,Male
88,Baird,Rigney,brigney2f@house.gov,Male
89,Gustie,Burges,gburges2g@gravatar.com,Female
90,Bunni,Son,bson2h@oaic.gov.au,Female
91,Tiler,Pietruszewicz,tpietruszewicz2i@acquirethisname.com,Male
92,Base,Marston,bmarston2j@tripod.com,Male
93,Doloritas,Izacenko,dizacenko2k@multiply.com,Female
94,Matty,Petrello,mpetrello2l@infoseek.co.jp,Male
95,Juieta,Cleft,jcleft2m@time.com,Female
96,Rianon,Atcherley,ratcherley2n@cnet.com,Female
97,Ameline,Fowlds,afowlds2o@google.de,Female
98,Dena,Bawles,dbawles2p@forbes.com,Female
99,Roselin,Gillyett,rgillyett2q@comsenz.com,Female
100,Wright,Frarey,wfrarey2r@goodreads.com,Male
101,Mallory,Boddy,mboddy2s@engadget.com,Male
102,Jarret,Goude,jgoude2t@samsung.com,Male
103,Lance,Van Der Vlies,lvandervlies2u@tripod.com,Male
104,Rica,Gartrell,rgartrell2v@digg.com,Female
105,Elston,Paddie,epaddie2w@un.org,Male
106,Dinah,Brimm,dbrimm2x@exblog.jp,Female
107,Toddy,Aubery,taubery2y@washingtonpost.com,Male
108,Mufi,Blaylock,mblaylock2z@who.int,Female
109,Aridatha,Mapston,amapston30@bluehost.com,Female
110,Hallie,Haistwell,hhaistwell31@acquirethisname.com,Female
111,Nestor,Maltster,nmaltster32@mac.com,Male
112,Norri,Ruos,nruos33@privacy.gov.au,Female
113,Ferdie,Shurville,fshurville34@slideshare.net,Male
114,Annabel,Sergeaunt,asergeaunt35@furl.net,Female
115,Jannelle,Bridge,jbridge36@ifeng.com,Female
116,Alick,Verecker,averecker37@ask.com,Male
117,Carine,Vernalls,cvernalls38@domainmarket.com,Female
118,Nancee,O'Currigan,nocurrigan39@paypal.com,Female
119,Merell,Arnaudot,marnaudot3a@wufoo.com,Male
120,Markos,Stronghill,mstronghill3b@vkontakte.ru,Male
121,Camel,Wittleton,cwittleton3c@gmpg.org,Female
122,Ronnie,Hannum,rhannum3d@php.net,Female
123,Christina,Methley,cmethley3e@indiatimes.com,Female
124,Lorenzo,Kelleher,lkelleher3f@sciencedirect.com,Male
125,Rooney,Willavoys,rwillavoys3g@samsung.com,Male
126,Bryana,Tchaikovsky,btchaikovsky3h@drupal.org,Female
127,Rita,Tant,rtant3i@1688.com,Female
128,Ramon,Kelwaybamber,rkelwaybamber3j@yahoo.com,Male
129,Aguie,Sivorn,asivorn3k@ihg.com,Male
130,Fin,Laxtonne,flaxtonne3l@lulu.com,Male
131,Ninette,Kinavan,nkinavan3m@nature.com,Female
132,Kally,Baskwell,kbaskwell3n@abc.net.au,Female
133,Hannie,Giorgioni,hgiorgioni3o@domainmarket.com,Female
134,Renelle,Rafferty,rrafferty3p@deliciousdays.com,Female
135,Con,Townson,ctownson3q@statcounter.com,Female
136,Ddene,Low,dlow3r@ucoz.com,Female
137,Anatole,Pow,apow3s@java.com,Male
138,Rafa,Habin,rhabin3t@geocities.com,Female
139,Estevan,Barstowk,ebarstowk3u@trellian.com,Male
140,Bryan,Wile,bwile3v@istockphoto.com,Male
141,Maximilian,Piaggia,mpiaggia3w@blog.com,Male
142,Salome,Asty,sasty3x@si.edu,Female
143,Lincoln,Purle,lpurle3y@foxnews.com,Male
144,Oliver,Goscar,ogoscar3z@comsenz.com,Male
145,Kenna,Arkwright,karkwright40@list-manage.com,Female
146,Francyne,Cocci,fcocci41@techcrunch.com,Female
147,Reinold,Huband,rhuband42@ow.ly,Male
148,Siusan,Baudry,sbaudry43@newyorker.com,Female
149,Ranee,Dunbobbin,rdunbobbin44@xrea.com,Female
150,Reynold,Plampeyn,rplampeyn45@theatlantic.com,Male
151,Hortense,Kobpac,hkobpac46@dmoz.org,Female
152,Sherie,Forestel,sforestel47@marketwatch.com,Female
153,Vern,Wheelwright,vwheelwright48@behance.net,Male
154,Arnuad,MacAirt,amacairt49@dyndns.org,Male
155,Evania,Deviney,edeviney4a@instagram.com,Female
156,Ruggiero,Hennington,rhennington4b@nhs.uk,Male
157,Pedro,Filson,pfilson4c@mapy.cz,Male
158,Eugine,Shergill,eshergill4d@un.org,Female
159,Salomone,Hardage,shardage4e@europa.eu,Male
160,Leta,Hourihane,lhourihane4f@usda.gov,Female
161,Cyndia,Mussotti,cmussotti4g@mozilla.org,Female
162,Jock,Blackbourn,jblackbourn4h@newyorker.com,Male
163,Madlin,Zottoli,mzottoli4i@huffingtonpost.com,Female
164,Carolyne,Salomon,csalomon4j@artisteer.com,Female
165,Marcus,Whittier,mwhittier4k@marriott.com,Male
166,Nicholas,Chadwin,nchadwin4l@infoseek.co.jp,Male
167,Dionysus,Stenyng,dstenyng4m@mail.ru,Male
168,Marena,Fransman,mfransman4n@naver.com,Female
169,Loydie,Pressdee,lpressdee4o@eepurl.com,Male
170,Hunt,Dafforne,hdafforne4p@oaic.gov.au,Male
171,Lola,June,ljune4q@digg.com,Female
172,Petronella,Mc Kellen,pmckellen4r@mit.edu,Female
173,Meggy,McPherson,mmcpherson4s@cam.ac.uk,Female
174,Florry,Eglinton,feglinton4t@delicious.com,Female
175,Pauli,Yakovliv,pyakovliv4u@1und1.de,Female
176,Rickie,Lintott,rlintott4v@webmd.com,Female
177,Paige,Comley,pcomley4w@homestead.com,Male
178,Sim,Rushton,srushton4x@dmoz.org,Male
179,Kiley,Gustus,kgustus4y@typepad.com,Male
180,Angie,McAdam,amcadam4z@cocolog-nifty.com,Male
181,Hildegaard,Hadgkiss,hhadgkiss50@aboutads.info,Female
182,Benedikt,Swatton,bswatton51@blogger.com,Male
183,Joshua,Mynard,jmynard52@jimdo.com,Male
184,Raphaela,Venn,rvenn53@techcrunch.com,Female
185,Neel,Esmond,nesmond54@youtube.com,Male
186,Sarene,Lovelady,slovelady55@dell.com,Female
187,Bran,Grenshields,bgrenshields56@360.cn,Male
188,Tamqrah,Davern,tdavern57@nature.com,Female
189,Dorette,Chidley,dchidley58@flavors.me,Female
190,Faber,Lenham,flenham59@apple.com,Male
191,Alanson,Livock,alivock5a@whitehouse.gov,Male
192,Harriett,MacCall,hmaccall5b@shutterfly.com,Female
193,Paulette,Loidl,ploidl5c@chron.com,Female
194,Lani,Duffill,lduffill5d@php.net,Female
195,Hobie,Huggard,hhuggard5e@dailymail.co.uk,Male
196,Nap,Flores,nflores5f@vkontakte.ru,Male
197,Aeriel,Trangmar,atrangmar5g@utexas.edu,Female
198,Haydon,Roake,hroake5h@marriott.com,Male
199,Mahalia,Propper,mpropper5i@yandex.ru,Female
200,Augustina,Cosby,acosby5j@blogspot.com,Female
201,Piggy,Nornasell,pnornasell5k@alexa.com,Male
202,Elli,Destouche,edestouche5l@twitter.com,Female
203,Hamlin,Casali,hcasali5m@usatoday.com,Male
204,Cris,Gilman,cgilman5n@marriott.com,Female
205,Wake,Kohnen,wkohnen5o@google.com.hk,Male
206,Gerrie,Deaton,gdeaton5p@mlb.com,Male
207,Jessee,Fuggles,jfuggles5q@mtv.com,Male
208,Antoni,Barbary,abarbary5r@ihg.com,Male
209,Bran,Corke,bcorke5s@china.com.cn,Male
210,Elfreda,Brittan,ebrittan5t@seesaa.net,Female
211,Manya,McGhie,mmcghie5u@virginia.edu,Female
212,Shelbi,Coop,scoop5v@odnoklassniki.ru,Female
213,Essie,Schimmang,eschimmang5w@constantcontact.com,Female
214,Renell,Champkin,rchampkin5x@vistaprint.com,Female
215,Jessee,Sherrard,jsherrard5y@army.mil,Male
216,Marigold,Holworth,mholworth5z@topsy.com,Female
217,Milton,Aucock,maucock60@nytimes.com,Male
218,Tierney,Boustred,tboustred61@soup.io,Female
219,Gustavo,Pilley,gpilley62@sogou.com,Male
220,Constantine,Blois,cblois63@theguardian.com,Male
221,Gibbie,Jeenes,gjeenes64@jigsy.com,Male
222,Valli,Archbald,varchbald65@forbes.com,Female
223,Halsey,Costellow,hcostellow66@wikia.com,Male
224,Trefor,Baylay,tbaylay67@microsoft.com,Male
225,Vivienne,Meatcher,vmeatcher68@simplemachines.org,Female
226,Billy,Ramage,bramage69@hibu.com,Male
227,Pier,Manders,pmanders6a@umn.edu,Female
228,Jud,Lugard,jlugard6b@vistaprint.com,Male
229,Zaccaria,Skydall,zskydall6c@nymag.com,Male
230,Johann,Cluff,jcluff6d@macromedia.com,Male
231,Marten,Harmond,mharmond6e@newyorker.com,Male
232,Esme,Struther,estruther6f@netlog.com,Male
233,Kincaid,Beckworth,kbeckworth6g@ustream.tv,Male
234,Katharyn,Joost,kjoost6h@noaa.gov,Female
235,Ellary,Gullan,egullan6i@vinaora.com,Male
236,Kareem,Vlasenkov,kvlasenkov6j@jiathis.com,Male
237,Gregoire,Wickens,gwickens6k@twitpic.com,Male
238,Shelagh,Giraudot,sgiraudot6l@ucsd.edu,Female
239,Dorette,Biaggi,dbiaggi6m@free.fr,Female
240,Fey,Gottschalk,fgottschalk6n@hibu.com,Female
241,Walker,Bottell,wbottell6o@state.tx.us,Male
242,Manon,Blackboro,mblackboro6p@nasa.gov,Female
243,Ogdon,Martyn,omartyn6q@auda.org.au,Male
244,Casper,Karlolczak,ckarlolczak6r@xing.com,Male
245,Robinet,Smewings,rsmewings6s@opensource.org,Female
246,Erl,Rayhill,erayhill6t@hatena.ne.jp,Male
247,Jerrylee,Eyre,jeyre6u@twitpic.com,Female
248,Delcine,Flannigan,dflannigan6v@yellowbook.com,Female
249,Town,Margery,tmargery6w@google.com.hk,Male
250,Thatcher,Bloys,tbloys6x@ted.com,Male
251,Norrie,Twiname,ntwiname6y@house.gov,Female
252,Teddi,Insall,tinsall6z@slideshare.net,Female
253,Marius,Sowten,msowten70@gravatar.com,Male
254,Maisie,Zecchinelli,mzecchinelli71@joomla.org,Female
255,Mirella,Coch,mcoch72@usatoday.com,Female
256,Derick,Wales,dwales73@dmoz.org,Male
257,Cobby,Gashion,cgashion74@ebay.com,Male
258,Rod,Posse,rposse75@craigslist.org,Male
259,Mara,Beddows,mbeddows76@istockphoto.com,Female
260,Isis,Lanktree,ilanktree77@cdbaby.com,Female
261,Asher,Strowlger,astrowlger78@tinypic.com,Male
262,Mommy,Lages,mlages79@dion.ne.jp,Female
263,Bonnie,Pinniger,bpinniger7a@networkadvertising.org,Female
264,Ayn,Smidmore,asmidmore7b@msu.edu,Female
265,Anatola,Van Giffen,avangiffen7c@marriott.com,Female
266,Burl,Petrie,bpetrie7d@instagram.com,Male
267,Laetitia,Wasling,lwasling7e@xinhuanet.com,Female
268,Nicoli,Virgoe,nvirgoe7f@wikipedia.org,Female
269,Jandy,Doughartie,jdoughartie7g@delicious.com,Female
270,Fernande,Rawsthorne,frawsthorne7h@go.com,Female
271,Roland,Kneller,rkneller7i@google.de,Male
272,Isa,Greaves,igreaves7j@vkontakte.ru,Male
273,Cyrille,Gerring,cgerring7k@squidoo.com,Male
274,Willette,Harse,wharse7l@theglobeandmail.com,Female
275,Noe,Grinin,ngrinin7m@accuweather.com,Male
276,Kathleen,Rowlands,krowlands7n@csmonitor.com,Female
277,Dulcine,Mandrey,dmandrey7o@about.me,Female
278,Harold,MacKenney,hmackenney7p@exblog.jp,Male
279,Chickie,Draper,cdraper7q@dion.ne.jp,Female
280,Felita,Crew,fcrew7r@photobucket.com,Female
281,Germayne,Necolds,gnecolds7s@1und1.de,Male
282,Tally,Higgan,thiggan7t@jalbum.net,Female
283,Clemence,Prys,cprys7u@walmart.com,Female
284,Cirstoforo,Fidelus,cfidelus7v@vinaora.com,Male
285,Amandie,Schapiro,aschapiro7w@blogs.com,Female
286,Erinn,Wallbutton,ewallbutton7x@ebay.co.uk,Female
287,Lisle,Stirton,lstirton7y@purevolume.com,Male
288,Emalee,Skillanders,eskillanders7z@about.com,Female
289,Dunstan,Leuchars,dleuchars80@discuz.net,Male
290,Tom,Hinsch,thinsch81@g.co,Male
291,Hillary,Coast,hcoast82@cpanel.net,Male
292,Garth,Stammler,gstammler83@liveinternet.ru,Male
293,Rasia,Elsdon,relsdon84@irs.gov,Female
294,Morlee,Masser,mmasser85@cargocollective.com,Male
295,Barnaby,Luebbert,bluebbert86@ucla.edu,Male
296,Lana,Perfitt,lperfitt87@people.com.cn,Female
297,Renata,Terzo,rterzo88@printfriendly.com,Female
298,Willey,Rout,wrout89@miibeian.gov.cn,Male
299,Payton,Kief,pkief8a@google.fr,Male
300,Waly,Ponceford,wponceford8b@youtu.be,Female
301,Chev,Roberti,croberti8c@buzzfeed.com,Male
302,Vernor,Rackam,vrackam8d@sohu.com,Male
303,Deane,Cradey,dcradey8e@goo.ne.jp,Male
304,Ferne,Fosdick,ffosdick8f@diigo.com,Female
305,Heddi,Veracruysse,hveracruysse8g@reddit.com,Female
306,Ina,Derye-Barrett,ideryebarrett8h@symantec.com,Female
307,Prentice,Guiso,pguiso8i@1688.com,Male
308,Dulcie,Adamiak,dadamiak8j@clickbank.net,Female
309,Queenie,Peschet,qpeschet8k@geocities.jp,Female
310,Millicent,Mease,mmease8l@istockphoto.com,Female
311,Ilene,Raggett,iraggett8m@yolasite.com,Female
312,Dareen,Cronk,dcronk8n@elegantthemes.com,Female
313,Friederike,Helliwell,fhelliwell8o@vkontakte.ru,Female
314,Brantley,Lamont,blamont8p@spiegel.de,Male
315,Meris,Gonnely,mgonnely8q@list-manage.com,Female
316,Margi,Angrave,mangrave8r@goo.gl,Female
317,Eadmund,Dallyn,edallyn8s@icq.com,Male
318,Adele,Gossage,agossage8t@comcast.net,Female
319,Elwyn,Coveley,ecoveley8u@fema.gov,Male
320,Kendrick,Hatrey,khatrey8v@godaddy.com,Male
321,Valentia,Edinborough,vedinborough8w@cisco.com,Female
322,Bartlett,McMeekin,bmcmeekin8x@omniture.com,Male
323,Layne,De Andisie,ldeandisie8y@geocities.com,Female
324,Tanner,Berzon,tberzon8z@ucsd.edu,Male
325,Dunc,Ivoshin,divoshin90@home.pl,Male
326,Fair,Harrington,fharrington91@purevolume.com,Male
327,Rhodie,Brim,rbrim92@deliciousdays.com,Female
328,Claiborne,Canniffe,ccanniffe93@acquirethisname.com,Male
329,Salli,Allday,sallday94@i2i.jp,Female
330,Wallie,Cristofari,wcristofari95@washington.edu,Male
331,Willis,Filer,wfiler96@merriam-webster.com,Male
332,Elbert,Gibbetts,egibbetts97@fema.gov,Male
333,Rolf,Cathie,rcathie98@intel.com,Male
334,Maurene,Ferrini,mferrini99@cocolog-nifty.com,Female
335,Clarisse,Bunch,cbunch9a@intel.com,Female
336,Rouvin,Kinghorne,rkinghorne9b@g.co,Male
337,Franni,Edland,fedland9c@liveinternet.ru,Female
338,Ange,Waterdrinker,awaterdrinker9d@miitbeian.gov.cn,Male
339,Inga,Ringwood,iringwood9e@cnet.com,Female
340,Cart,Dibble,cdibble9f@spiegel.de,Male
341,Renado,Baty,rbaty9g@intel.com,Male
342,Neddie,Shier,nshier9h@ihg.com,Male
343,Joanne,Moraleda,jmoraleda9i@pinterest.com,Female
344,Giffard,Aloshkin,galoshkin9j@unc.edu,Male
345,Lewie,Bushen,lbushen9k@mapy.cz,Male
346,Ashley,Style,astyle9l@godaddy.com,Male
347,Lindsay,Aspinwall,laspinwall9m@cnbc.com,Female
348,Genevieve,Staynes,gstaynes9n@earthlink.net,Female
349,Nathanial,Leechman,nleechman9o@hubpages.com,Male
350,Maggy,Shaudfurth,mshaudfurth9p@canalblog.com,Female
351,Austin,Prahm,aprahm9q@opera.com,Female
352,Zedekiah,Chasney,zchasney9r@geocities.jp,Male
353,Jonathon,Corsar,jcorsar9s@bbc.co.uk,Male
354,Trina,Budget,tbudget9t@ted.com,Female
355,Evelin,Tooby,etooby9u@wix.com,Male
356,Giffie,Reeman,greeman9v@weibo.com,Male
357,Elita,Ingree,eingree9w@ocn.ne.jp,Female
358,Irvin,Cockhill,icockhill9x@adobe.com,Male
359,Leoline,Jewkes,ljewkes9y@arizona.edu,Female
360,Camellia,McAsgill,cmcasgill9z@wix.com,Female
361,Eartha,Ruhben,eruhbena0@google.it,Female
362,Borden,Doust,bdousta1@elpais.com,Male
363,Damita,Drakes,ddrakesa2@slashdot.org,Female
364,Ivette,Joppich,ijoppicha3@myspace.com,Female
365,Gabrielle,Quince,gquincea4@ask.com,Female
366,Durante,Reany,dreanya5@google.co.uk,Male
367,Miranda,Bonett,mbonetta6@wix.com,Female
368,Kort,Simpson,ksimpsona7@examiner.com,Male
369,Laurena,Beech,lbeecha8@un.org,Female
370,Nonie,Claringbold,nclaringbolda9@pbs.org,Female
371,Anselm,MacGillicuddy,amacgillicuddyaa@creativecommons.org,Male
372,Garrard,Joinson,gjoinsonab@nytimes.com,Male
373,Devon,Foxhall,dfoxhallac@hp.com,Female
374,Georas,Oxbie,goxbiead@eepurl.com,Male
375,Hilton,Tregale,htregaleae@epa.gov,Male
376,Kirbee,Hicks,khicksaf@elpais.com,Female
377,Pacorro,Gascar,pgascarag@trellian.com,Male
378,Stacey,Rumgay,srumgayah@zdnet.com,Female
379,Kamillah,Zorzenoni,kzorzenoniai@skyrock.com,Female
380,Ralina,Larmuth,rlarmuthaj@patch.com,Female
381,Matthus,Riply,mriplyak@pagesperso-orange.fr,Male
382,Vilma,Whiskerd,vwhiskerdal@infoseek.co.jp,Female
383,Demetria,Cars,dcarsam@liveinternet.ru,Female
384,Bobbe,Averies,baveriesan@jiathis.com,Female
385,Ricky,Wharfe,rwharfeao@mtv.com,Female
386,Emiline,Mayho,emayhoap@dion.ne.jp,Female
387,Nanete,McEntee,nmcenteeaq@yahoo.co.jp,Female
388,Sam,Seago,sseagoar@usnews.com,Male
389,Erroll,Dunks,edunksas@xing.com,Male
390,Harlin,Standidge,hstandidgeat@home.pl,Male
391,Morganne,Case,mcaseau@cam.ac.uk,Female
392,Laurie,Brownbridge,lbrownbridgeav@spotify.com,Male
393,Hal,Robe,hrobeaw@lulu.com,Male
394,Frankie,Vanyushin,fvanyushinax@phoca.cz,Female
395,Jandy,Maudlin,jmaudlinay@google.com.au,Female
396,Mitchel,Curless,mcurlessaz@china.com.cn,Male
397,Tate,Oxlee,toxleeb0@qq.com,Female
398,Valaree,Creenan,vcreenanb1@about.com,Female
399,Eden,Errett,eerrettb2@bloglovin.com,Female
400,Kirbee,Bellow,kbellowb3@goo.ne.jp,Female
401,Redford,Sherwill,rsherwillb4@over-blog.com,Male
402,Ciro,Cater,ccaterb5@dmoz.org,Male
403,Mira,Farnaby,mfarnabyb6@bluehost.com,Female
404,Debby,Kamien,dkamienb7@businessinsider.com,Female
405,Martie,Gymlett,mgymlettb8@phoca.cz,Male
406,Bayard,Buney,bbuneyb9@cargocollective.com,Male
407,Hinda,Bazely,hbazelyba@hugedomains.com,Female
408,Montague,Aubri,maubribb@un.org,Male
409,Hartley,Ravenscroft,hravenscroftbc@fotki.com,Male
410,Thelma,Habron,thabronbd@oracle.com,Female
411,Haywood,De Angelis,hdeangelisbe@aboutads.info,Male
412,Frederigo,Coltan,fcoltanbf@storify.com,Male
413,Margaux,Anfusso,manfussobg@dedecms.com,Female
414,Hurleigh,Verbeke,hverbekebh@ted.com,Male
415,Garrott,Braycotton,gbraycottonbi@apple.com,Male
416,Pren,MacCallum,pmaccallumbj@shutterfly.com,Male
417,Beryle,Seniour,bseniourbk@goodreads.com,Female
418,Garrett,Piggott,gpiggottbl@slashdot.org,Male
419,Lanette,Joist,ljoistbm@nature.com,Female
420,Fielding,Kas,fkasbn@time.com,Male
421,Konrad,Wackley,kwackleybo@fastcompany.com,Male
422,Mel,Sircombe,msircombebp@whitehouse.gov,Male
423,Aurora,Binks,abinksbq@blogtalkradio.com,Female
424,Liva,Gisborne,lgisbornebr@hatena.ne.jp,Female
425,Laureen,Bangiard,lbangiardbs@typepad.com,Female
426,Mic,Falls,mfallsbt@goodreads.com,Male
427,Noble,Daniele,ndanielebu@networksolutions.com,Male
428,Danny,Hulls,dhullsbv@exblog.jp,Female
429,Glori,Whitters,gwhittersbw@com.com,Female
430,Dore,Shaefer,dshaeferbx@gizmodo.com,Male
431,Rutger,Aberhart,raberhartby@woothemes.com,Male
432,Lorain,Anfrey,lanfreybz@com.com,Female
433,Berk,Heister,bheisterc0@nasa.gov,Male
434,Garwin,Deyes,gdeyesc1@quantcast.com,Male
435,Rafi,Poundsford,rpoundsfordc2@dyndns.org,Male
436,Bethanne,Paprotny,bpaprotnyc3@livejournal.com,Female
437,Corrine,Moth,cmothc4@ox.ac.uk,Female
438,Jacquenetta,Badman,jbadmanc5@pinterest.com,Female
439,Bobbette,Keatch,bkeatchc6@vkontakte.ru,Female
440,Leonhard,Ianilli,lianillic7@diigo.com,Male
441,Jeannie,Hinksen,jhinksenc8@webnode.com,Female
442,Carola,Lintot,clintotc9@imdb.com,Female
443,Shermie,Dowson,sdowsonca@example.com,Male
444,Francisca,MacNeish,fmacneishcb@hhs.gov,Female
445,Gilbert,Rendbaek,grendbaekcc@latimes.com,Male
446,Jyoti,Dohmer,jdohmercd@diigo.com,Female
447,Chelsy,Charrett,ccharrettce@java.com,Female
448,Herman,Chrisp,hchrispcf@epa.gov,Male
449,Michaeline,Grocutt,mgrocuttcg@oaic.gov.au,Female
450,Ker,Eick,keickch@histats.com,Male
451,Codi,Cockshtt,ccockshttci@google.nl,Female
452,Kaylyn,Riatt,kriattcj@addtoany.com,Female
453,Ardella,Worsnop,aworsnopck@go.com,Female
454,Lonnard,Kingsnoad,lkingsnoadcl@theatlantic.com,Male
455,Regan,Waycot,rwaycotcm@ifeng.com,Female
456,Chucho,Boutcher,cboutchercn@weather.com,Male
457,Reinaldos,Poge,rpogeco@washingtonpost.com,Male
458,Giacopo,Manson,gmansoncp@hibu.com,Male
459,Lin,Camelli,lcamellicq@51.la,Female
460,Benedetto,Riddall,briddallcr@etsy.com,Male
461,Dex,Malpas,dmalpascs@nsw.gov.au,Male
462,Ariadne,D'Hooghe,adhooghect@de.vu,Female
463,Danielle,Dalmon,ddalmoncu@odnoklassniki.ru,Female
464,Keith,Lisamore,klisamorecv@google.cn,Male
465,Fancie,Martugin,fmartugincw@sun.com,Female
466,Morly,Kimmince,mkimmincecx@stanford.edu,Male
467,Vassili,Houlston,vhoulstoncy@irs.gov,Male
468,Padraic,Van der Velde,pvanderveldecz@usa.gov,Male
469,King,Couldwell,kcouldwelld0@tiny.cc,Male
470,Winston,Cranham,wcranhamd1@hp.com,Male
471,Tabor,Brason,tbrasond2@kickstarter.com,Male
472,Saxon,McGrann,smcgrannd3@nytimes.com,Male
473,Jandy,Skehan,jskehand4@springer.com,Female
474,Scotti,Ellerbeck,sellerbeckd5@51.la,Male
475,Dilan,Thomazin,dthomazind6@techcrunch.com,Male
476,Margret,Jaycocks,mjaycocksd7@delicious.com,Female
477,Lavinia,Loudon,lloudond8@princeton.edu,Female
478,Kimberli,Orrock,korrockd9@admin.ch,Female
479,Trenna,Tincknell,ttincknellda@amazon.com,Female
480,Letitia,Kusick,lkusickdb@freewebs.com,Female
481,Clerissa,Chatters,cchattersdc@engadget.com,Female
482,Nehemiah,Batchelor,nbatchelordd@fotki.com,Male
483,Porter,Albery,palberyde@statcounter.com,Male
484,Ashly,Antonomolii,aantonomoliidf@stanford.edu,Female
485,Boote,Piwall,bpiwalldg@hud.gov,Male
486,Shepard,Hanhart,shanhartdh@ycombinator.com,Male
487,Garrott,Taig,gtaigdi@soup.io,Male
488,Hill,Baldwin,hbaldwindj@mac.com,Male
489,Robby,Batalle,rbatalledk@ed.gov,Male
490,Sheelah,Zorzoni,szorzonidl@loc.gov,Female
491,Bastien,McMoyer,bmcmoyerdm@histats.com,Male
492,Lewiss,Camilleri,lcamilleridn@elegantthemes.com,Male
493,Channa,Ledes,cledesdo@time.com,Female
494,Gianni,Nusche,gnuschedp@theatlantic.com,Male
495,Leonanie,Bowden,lbowdendq@liveinternet.ru,Female
496,Quintilla,Danhel,qdanheldr@go.com,Female
497,Maxie,Vint,mvintds@paypal.com,Female
498,Maribeth,Dawnay,mdawnaydt@eventbrite.com,Female
499,Konstanze,Pinn,kpinndu@github.com,Female
500,Whitman,Farmar,wfarmardv@comcast.net,Male
501,Berthe,Schoenfisch,bschoenfischdw@mediafire.com,Female
502,Haskell,Ellerington,helleringtondx@whitehouse.gov,Male
503,Andrei,McConnell,amcconnelldy@msn.com,Female
504,Cleve,Coots,ccootsdz@forbes.com,Male
505,Amelie,Lewinton,alewintone0@liveinternet.ru,Female
506,Humfrid,Challin,hchalline1@about.me,Male
507,Sylas,Fitter,sfittere2@storify.com,Male
508,Georgeta,Gislebert,ggisleberte3@opera.com,Female
509,Liv,Puleque,lpulequee4@clickbank.net,Female
510,Dorena,Born,dborne5@live.com,Female
511,Torey,Dansie,tdansiee6@feedburner.com,Male
512,Penrod,Frohock,pfrohocke7@samsung.com,Male
513,Cleo,Haycock,chaycocke8@un.org,Female
514,Timothea,Poulgreen,tpoulgreene9@irs.gov,Female
515,Cherey,Speere,cspeereea@mlb.com,Female
516,Anjela,Chatain,achataineb@irs.gov,Female
517,Towney,Dagleas,tdagleasec@yandex.ru,Male
518,Mufinella,Keelan,mkeelaned@jimdo.com,Female
519,Jyoti,Sotheron,jsotheronee@com.com,Female
520,Gery,Getch,ggetchef@sakura.ne.jp,Male
521,Nancey,Tearny,ntearnyeg@domainmarket.com,Female
522,Dell,Kimmins,dkimminseh@reverbnation.com,Female
523,Hoebart,Hallan,hhallanei@jiathis.com,Male
524,Deane,Perryn,dperrynej@ucoz.ru,Female
525,Gavrielle,Murrells,gmurrellsek@kickstarter.com,Female
526,Salaidh,Pobjoy,spobjoyel@ifeng.com,Female
527,Haywood,Livermore,hlivermoreem@unesco.org,Male
528,Missie,Fairham,mfairhamen@pinterest.com,Female
529,Carlo,Iliffe,ciliffeeo@i2i.jp,Male
530,Susi,Beretta,sberettaep@europa.eu,Female
531,Myrta,Waterson,mwatersoneq@nsw.gov.au,Female
532,Evy,Thickins,ethickinser@rediff.com,Female
533,Laney,Channing,lchanninges@princeton.edu,Female
534,Elias,Rudeforth,erudeforthet@clickbank.net,Male
535,Hyacinthie,Creamen,hcreameneu@arizona.edu,Female
536,Gerda,Goch,ggochev@time.com,Female
537,Giovanna,Westraw,gwestrawew@slashdot.org,Female
538,Shanna,Willgoose,swillgooseex@ucsd.edu,Female
539,Christi,Bertie,cbertieey@umn.edu,Female
540,Conney,Cudd,ccuddez@salon.com,Male
541,Candis,Propper,cpropperf0@epa.gov,Female
542,Thebault,Ten Broek,ttenbroekf1@cam.ac.uk,Male
543,Matt,Gath,mgathf2@myspace.com,Male
544,Charo,Kurten,ckurtenf3@wp.com,Female
545,Tamara,Vinter,tvinterf4@wikimedia.org,Female
546,Claudelle,Brechin,cbrechinf5@mac.com,Female
547,Matty,Wulfinger,mwulfingerf6@sfgate.com,Female
548,Wainwright,Hassan,whassanf7@fema.gov,Male
549,Booth,Strafford,bstraffordf8@ftc.gov,Male
550,Jareb,Pridmore,jpridmoref9@instagram.com,Male
551,Godart,Jaze,gjazefa@yolasite.com,Male
552,Brade,Byass,bbyassfb@ask.com,Male
553,Renell,Jandourek,rjandourekfc@indiegogo.com,Female
554,Denys,Finlator,dfinlatorfd@digg.com,Male
555,Standford,Dilkes,sdilkesfe@ox.ac.uk,Male
556,Beverlie,Selcraig,bselcraigff@statcounter.com,Female
557,Smith,McWilliam,smcwilliamfg@jugem.jp,Male
558,Nan,Cotes,ncotesfh@usa.gov,Female
559,Wallie,Hain,whainfi@springer.com,Female
560,Casper,Klulisek,cklulisekfj@hhs.gov,Male
561,Helli,Plaster,hplasterfk@example.com,Female
562,Davon,Bugge,dbuggefl@mit.edu,Male
563,Drucy,Ganiford,dganifordfm@sogou.com,Female
564,Nickolas,Blonden,nblondenfn@booking.com,Male
565,Nikolia,Ottosen,nottosenfo@salon.com,Female
566,Karylin,Purseglove,kpurseglovefp@miitbeian.gov.cn,Female
567,Ange,Korlat,akorlatfq@ibm.com,Male
568,Wilbur,Gaymar,wgaymarfr@slashdot.org,Male
569,Astrix,Junes,ajunesfs@intel.com,Female
570,Christiano,Khristyukhin,ckhristyukhinft@i2i.jp,Male
571,Maxwell,Buzine,mbuzinefu@weibo.com,Male
572,Barth,Hosburn,bhosburnfv@shop-pro.jp,Male
573,Julianna,Aspey,jaspeyfw@issuu.com,Female
574,Andee,Chopping,achoppingfx@bandcamp.com,Female
575,Feliks,Harring,fharringfy@aboutads.info,Male
576,Peggy,Livett,plivettfz@cbsnews.com,Female
577,Terza,Melville,tmelvilleg0@earthlink.net,Female
578,Nick,McKeon,nmckeong1@hibu.com,Male
579,Ludvig,Pottiphar,lpottipharg2@marketwatch.com,Male
580,Alexandrina,Fender,afenderg3@epa.gov,Female
581,Gris,Lawrenceson,glawrencesong4@aol.com,Male
582,Nicholas,Corkan,ncorkang5@unc.edu,Male
583,Hanna,Girkin,hgirking6@alibaba.com,Female
584,Bogey,Consterdine,bconsterdineg7@posterous.com,Male
585,Konstantine,Eskrick,keskrickg8@bbc.co.uk,Male
586,Rana,Ray,rrayg9@tiny.cc,Female
587,Boy,Assender,bassenderga@npr.org,Male
588,Shana,Snowsill,ssnowsillgb@shutterfly.com,Female
589,Darwin,MacSporran,dmacsporrangc@domainmarket.com,Male
590,Jesse,Kidsley,jkidsleygd@chronoengine.com,Male
591,Shanie,Cesconi,scesconige@storify.com,Female
592,Jakob,Worral,jworralgf@topsy.com,Male
593,Gasper,Heale,ghealegg@tamu.edu,Male
594,Smitty,Hacaud,shacaudgh@amazon.com,Male
595,Reba,Cordner,rcordnergi@sogou.com,Female
596,Collen,Ingerson,cingersongj@mlb.com,Female
597,Prissie,Veysey,pveyseygk@gizmodo.com,Female
598,Eileen,Olenikov,eolenikovgl@barnesandnoble.com,Female
599,Hi,Warner,hwarnergm@google.com.au,Male
600,Mary,Ghidotti,mghidottign@cdbaby.com,Female
601,Whitaker,Willan,wwillango@reddit.com,Male
602,Diego,Twittey,dtwitteygp@hao123.com,Male
603,Virgina,Kincade,vkincadegq@e-recht24.de,Female
604,Ricard,Devonport,rdevonportgr@tumblr.com,Male
605,Tammie,Fearnill,tfearnillgs@chronoengine.com,Female
606,Rosalyn,Gabel,rgabelgt@gravatar.com,Female
607,Burty,Kemmons,bkemmonsgu@mail.ru,Male
608,Aime,Diable,adiablegv@deliciousdays.com,Female
609,Jard,Danjoie,jdanjoiegw@purevolume.com,Male
610,Lazare,Peller,lpellergx@mac.com,Male
611,Jaquenetta,Beavon,jbeavongy@amazon.de,Female
612,Tabby,Uff,tuffgz@tripod.com,Male
613,Sophronia,Valdes,svaldesh0@sciencedirect.com,Female
614,Josselyn,MacCurtain,jmaccurtainh1@facebook.com,Female
615,Leshia,Dmitr,ldmitrh2@indiatimes.com,Female
616,Nikos,Addison,naddisonh3@people.com.cn,Male
617,Oralle,Gilardi,ogilardih4@dion.ne.jp,Female
618,Linet,Bertolaccini,lbertolaccinih5@google.it,Female
619,Sinclare,Biskupiak,sbiskupiakh6@google.de,Male
620,Rickard,Aizikovich,raizikovichh7@sun.com,Male
621,Payton,Gyngyll,pgyngyllh8@jugem.jp,Male
622,Harlie,Groneway,hgronewayh9@virginia.edu,Female
623,Welby,Swanger,wswangerha@behance.net,Male
624,Jorry,Veljes,jveljeshb@tamu.edu,Female
625,Brita,Wallsam,bwallsamhc@blog.com,Female
626,Waldo,Parnham,wparnhamhd@weather.com,Male
627,Joel,Rowan,jrowanhe@yale.edu,Male
628,Glenine,Ferrero,gferrerohf@berkeley.edu,Female
629,Franklin,Simonds,fsimondshg@symantec.com,Male
630,Tyrone,Gerssam,tgerssamhh@pbs.org,Male
631,Grantley,Haversham,ghavershamhi@clickbank.net,Male
632,Gilligan,Oulet,goulethj@skype.com,Female
633,Andrew,Spilstead,aspilsteadhk@netvibes.com,Male
634,Letti,Hucke,lhuckehl@acquirethisname.com,Female
635,Janeva,Treadger,jtreadgerhm@mayoclinic.com,Female
636,Maurene,Abbes,mabbeshn@xrea.com,Female
637,Morganne,Hanshaw,mhanshawho@comsenz.com,Female
638,Berry,Jowsey,bjowseyhp@prweb.com,Female
639,Norry,Snawden,nsnawdenhq@wikimedia.org,Male
640,Kristy,Papps,kpappshr@mac.com,Female
641,Clarisse,Jaskiewicz,cjaskiewiczhs@dailymail.co.uk,Female
642,Ugo,Evennett,uevennettht@blogger.com,Male
643,Yorgo,Pinkstone,ypinkstonehu@jugem.jp,Male
644,Halley,Matityahu,hmatityahuhv@earthlink.net,Female
645,Keelia,Howett,khowetthw@sogou.com,Female
646,Jdavie,Prendergast,jprendergasthx@over-blog.com,Male
647,Cherrita,Stutter,cstutterhy@delicious.com,Female
648,Avivah,Balint,abalinthz@cnn.com,Female
649,Billye,Elegood,belegoodi0@nymag.com,Female
650,Aleece,MacManus,amacmanusi1@people.com.cn,Female
651,Alford,Espinho,aespinhoi2@rakuten.co.jp,Male
652,Heinrik,Ducker,hduckeri3@moonfruit.com,Male
653,Cobbie,Cowlin,ccowlini4@omniture.com,Male
654,Amalee,Cleverley,acleverleyi5@senate.gov,Female
655,Othello,Deevey,odeeveyi6@google.ca,Male
656,Derry,Triplet,dtripleti7@cmu.edu,Male
657,Corly,Adriani,cadrianii8@fema.gov,Female
658,Jules,Viney,jvineyi9@umn.edu,Male
659,Rutledge,Amori,ramoriia@wikispaces.com,Male
660,Stevena,Wylder,swylderib@geocities.jp,Female
661,Daisey,Learoid,dlearoidic@addtoany.com,Female
662,Lorelle,Lawful,llawfulid@amazon.de,Female
663,Allegra,Bracer,abracerie@twitter.com,Female
664,Bartholomeo,Cicutto,bcicuttoif@google.es,Male
665,Damon,Lisamore,dlisamoreig@pinterest.com,Male
666,Julio,Groven,jgrovenih@ebay.co.uk,Male
667,Aretha,Trout,atroutii@scribd.com,Female
668,Onofredo,Blockley,oblockleyij@domainmarket.com,Male
669,Lynsey,Sicely,lsicelyik@angelfire.com,Female
670,Kerianne,McGreary,kmcgrearyil@altervista.org,Female
671,Yancy,Lilbourne,ylilbourneim@google.cn,Male
672,Kendricks,Dommerque,kdommerquein@addtoany.com,Male
673,Trever,Fishly,tfishlyio@ameblo.jp,Male
674,Ely,Youtead,eyouteadip@cafepress.com,Male
675,Ulrika,Millican,umillicaniq@skype.com,Female
676,Elfrieda,Spenceley,espenceleyir@hp.com,Female
677,Quincy,Meys,qmeysis@elegantthemes.com,Male
678,Hercule,Colclough,hcolcloughit@cnet.com,Male
679,Radcliffe,Lowe,rloweiu@hao123.com,Male
680,Kylen,Collie,kcollieiv@odnoklassniki.ru,Female
681,Napoleon,Tuffield,ntuffieldiw@friendfeed.com,Male
682,Reade,McClintock,rmcclintockix@php.net,Male
683,Ethelyn,Rann,eranniy@github.com,Female
684,Germain,Mila,gmilaiz@nydailynews.com,Male
685,Drud,Guille,dguillej0@google.cn,Male
686,Consalve,Hatherall,chatherallj1@1688.com,Male
687,Ruperta,Robertson,rrobertsonj2@businessweek.com,Female
688,Natale,Spilling,nspillingj3@360.cn,Male
689,Alie,Joreau,ajoreauj4@photobucket.com,Female
690,Conan,Martelet,cmarteletj5@last.fm,Male
691,Beauregard,McLay,bmclayj6@sina.com.cn,Male
692,Raine,Abrahm,rabrahmj7@geocities.jp,Female
693,Pren,Sends,psendsj8@economist.com,Male
694,Harriett,Morrish,hmorrishj9@home.pl,Female
695,Launce,Pigden,lpigdenja@apple.com,Male
696,Karen,Tompkin,ktompkinjb@acquirethisname.com,Female
697,Alaine,Merkel,amerkeljc@github.com,Female
698,Sonya,Goghin,sgoghinjd@usnews.com,Female
699,Peggy,Sedgeman,psedgemanje@51.la,Female
700,Karlyn,Foxall,kfoxalljf@cocolog-nifty.com,Female
701,Bobinette,Hayter,bhayterjg@wordpress.org,Female
702,Garrek,Louiset,glouisetjh@163.com,Male
703,Debi,Telfer,dtelferji@angelfire.com,Female
704,Zebulon,Bartoloma,zbartolomajj@exblog.jp,Male
705,Sean,Garrow,sgarrowjk@weather.com,Female
706,Purcell,Ruusa,pruusajl@google.cn,Male
707,Jareb,Mumford,jmumfordjm@cbc.ca,Male
708,Darleen,Slimings,dslimingsjn@myspace.com,Female
709,Morgun,Climie,mclimiejo@comcast.net,Male
710,Lon,Edgerley,ledgerleyjp@booking.com,Male
711,Risa,Antognoni,rantognonijq@163.com,Female
712,Gaelan,Halsworth,ghalsworthjr@springer.com,Male
713,Karleen,Gronav,kgronavjs@usgs.gov,Female
714,Blinny,Shelmerdine,bshelmerdinejt@mac.com,Female
715,Stoddard,Olliffe,solliffeju@cdbaby.com,Female
716,Sarajane,Garmey,sgarmeyjv@army.mil,Female
717,Denis,Kleen,dkleenjw@hugedomains.com,Male
718,Margarete,Gippes,mgippesjx@liveinternet.ru,Female
719,Frank,Bliben,fblibenjy@ebay.com,Female
720,Elijah,Northall,enorthalljz@newsvine.com,Male
721,Brander,Duce,bducek0@latimes.com,Male
722,Alaric,Hinnerk,ahinnerkk1@myspace.com,Male
723,Derby,Blowne,dblownek2@mlb.com,Male
724,Ozzie,Tellenbach,otellenbachk3@lycos.com,Male
725,Janessa,Vearncombe,jvearncombek4@webs.com,Female
726,Emiline,Ind,eindk5@newyorker.com,Female
727,Dionis,Rain,draink6@topsy.com,Female
728,Lazare,Cromleholme,lcromleholmek7@cnet.com,Male
729,Nowell,Le Cornu,nlecornuk8@w3.org,Male
730,Lay,von Nassau,lvonnassauk9@example.com,Male
731,Hannah,Tulloch,htullochka@unicef.org,Female
732,Monika,Quinane,mquinanekb@posterous.com,Female
733,Lem,Mardoll,lmardollkc@mediafire.com,Male
734,Krishnah,Gibbens,kgibbenskd@skyrock.com,Male
735,Dom,Devitt,ddevittke@vkontakte.ru,Male
736,Berne,Born,bbornkf@de.vu,Male
737,Gayle,Benoist,gbenoistkg@woothemes.com,Male
738,Lacey,Wordley,lwordleykh@php.net,Female
739,Kelby,Bisgrove,kbisgroveki@hibu.com,Male
740,Jan,Doncom,jdoncomkj@amazon.com,Male
741,Joel,Scimone,jscimonekk@hp.com,Male
742,Orel,Hilbourne,ohilbournekl@youku.com,Female
743,Wyndham,Bricknall,wbricknallkm@angelfire.com,Male
744,Arch,Clemenza,aclemenzakn@slashdot.org,Male
745,Grethel,Bensusan,gbensusanko@economist.com,Female
746,Kelsey,Gehricke,kgehrickekp@adobe.com,Male
747,Rowan,Linwood,rlinwoodkq@vk.com,Male
748,Hettie,Loseby,hlosebykr@bbb.org,Female
749,Rabbi,Howgego,rhowgegoks@discuz.net,Male
750,Paola,Glavias,pglaviaskt@discuz.net,Female
751,Konrad,Reddlesden,kreddlesdenku@sciencedaily.com,Male
752,Juditha,Nancarrow,jnancarrowkv@reference.com,Female
753,Marylee,Foystone,mfoystonekw@stanford.edu,Female
754,Gustave,Shilling,gshillingkx@scientificamerican.com,Male
755,Millisent,Torbett,mtorbettky@printfriendly.com,Female
756,Theodoric,Meakin,tmeakinkz@wikispaces.com,Male
757,Levi,Weber,lweberl0@godaddy.com,Male
758,Nate,Cafferky,ncafferkyl1@qq.com,Male
759,Cazzie,Daftor,cdaftorl2@nsw.gov.au,Male
760,Karita,Mingo,kmingol3@dot.gov,Female
761,Ashlie,Blesli,ableslil4@hao123.com,Female
762,Elisabeth,Jerromes,ejerromesl5@netscape.com,Female
763,Christoph,Jones,cjonesl6@ted.com,Male
764,Dyane,Brookes,dbrookesl7@cyberchimps.com,Female
765,Rouvin,Fronczak,rfronczakl8@squarespace.com,Male
766,Claiborne,Lillford,clillfordl9@163.com,Male
767,Poppy,Jeannin,pjeanninla@npr.org,Female
768,Shani,Roseblade,srosebladelb@163.com,Female
769,Aldin,Harce,aharcelc@squidoo.com,Male
770,Oberon,Drohane,odrohaneld@webeden.co.uk,Male
771,Caressa,Feaster,cfeasterle@flickr.com,Female
772,Lucia,Matuschek,lmatuscheklf@networksolutions.com,Female
773,Markus,Symcock,msymcocklg@abc.net.au,Male
774,Upton,Michiel,umichiellh@youku.com,Male
775,Tony,Michin,tmichinli@nydailynews.com,Male
776,Poul,Fuggle,pfugglelj@booking.com,Male
777,Creight,Sergeaunt,csergeauntlk@telegraph.co.uk,Male
778,Sheba,Climo,sclimoll@mashable.com,Female
779,Ali,Bratchell,abratchelllm@booking.com,Male
780,Carny,Fernehough,cfernehoughln@yolasite.com,Male
781,Kerr,Macewan,kmacewanlo@sbwire.com,Male
782,Pieter,Goggen,pgoggenlp@themeforest.net,Male
783,Elspeth,Hughf,ehughflq@ted.com,Female
784,Nancy,Bains,nbainslr@who.int,Female
785,Fran,Kamienski,fkamienskils@google.com.hk,Male
786,Eugine,Ricketts,erickettslt@shop-pro.jp,Female
787,Loy,Kidgell,lkidgelllu@usnews.com,Male
788,Jehu,Gutch,jgutchlv@wikia.com,Male
789,Agatha,Tongue,atonguelw@epa.gov,Female
790,Carmencita,Mustoe,cmustoelx@wufoo.com,Female
791,Beverlee,Groundwator,bgroundwatorly@google.com.au,Female
792,Obadiah,Suttell,osuttelllz@liveinternet.ru,Male
793,Merrick,Wilsone,mwilsonem0@stumbleupon.com,Male
794,Conan,Nano,cnanom1@usatoday.com,Male
795,Marijn,Baillie,mbailliem2@oaic.gov.au,Male
796,Cami,Handmore,chandmorem3@wp.com,Female
797,Erhard,Gantzer,egantzerm4@google.com.br,Male
798,Caspar,Palister,cpalisterm5@cnn.com,Male
799,Sula,Fountaine,sfountainem6@themeforest.net,Female
800,Adan,Rays,araysm7@altervista.org,Female
801,Red,Cristol,rcristolm8@clickbank.net,Male
802,Nil,Wincott,nwincottm9@hostgator.com,Male
803,Vincenty,Curuclis,vcuruclisma@yellowpages.com,Male
804,Justinn,Jorn,jjornmb@about.me,Female
805,Sollie,Yaxley,syaxleymc@seesaa.net,Male
806,Tades,Hopfner,thopfnermd@elpais.com,Male
807,Flory,Le Fevre,flefevreme@vkontakte.ru,Female
808,Willis,Beszant,wbeszantmf@google.cn,Male
809,Ursola,Wagstaffe,uwagstaffemg@cloudflare.com,Female
810,Fergus,Adamik,fadamikmh@fc2.com,Male
811,Marlon,Karadzas,mkaradzasmi@sina.com.cn,Male
812,Darrin,Corzon,dcorzonmj@ocn.ne.jp,Male
813,Elissa,Palmer,epalmermk@bravesites.com,Female
814,Perren,Malecky,pmaleckyml@github.io,Male
815,Joice,Sanson,jsansonmm@ucla.edu,Female
816,Joanne,St. Leger,jstlegermn@mlb.com,Female
817,Jacklin,Clackson,jclacksonmo@youku.com,Female
818,Kippy,Edwick,kedwickmp@imgur.com,Female
819,Therine,Greensmith,tgreensmithmq@ihg.com,Female
820,Raleigh,Tregoning,rtregoningmr@wikispaces.com,Male
821,Tonye,Fussell,tfussellms@cafepress.com,Female
822,Margo,Noice,mnoicemt@webmd.com,Female
823,Buffy,Oakden,boakdenmu@chronoengine.com,Female
824,Dom,Cowper,dcowpermv@newyorker.com,Male
825,Natal,Shadrach,nshadrachmw@ocn.ne.jp,Male
826,Henrik,Feak,hfeakmx@archive.org,Male
827,Rhianon,Bruyns,rbruynsmy@elpais.com,Female
828,Mortie,Backshell,mbackshellmz@nih.gov,Male
829,Kellsie,Berryman,kberrymann0@xrea.com,Female
830,Stanton,O'Sheilds,sosheildsn1@newsvine.com,Male
831,Andris,Pedrazzi,apedrazzin2@squidoo.com,Male
832,Mario,Dunster,mdunstern3@amazon.co.jp,Male
833,Jayson,Scaife,jscaifen4@twitpic.com,Male
834,Itch,Risman,irismann5@webnode.com,Male
835,Fields,Bason,fbasonn6@cafepress.com,Male
836,Ralina,Noseworthy,rnoseworthyn7@gmpg.org,Female
837,Ebeneser,Lyddiatt,elyddiattn8@apple.com,Male
838,Boot,Cherrison,bcherrisonn9@youtu.be,Male
839,Cointon,Milroy,cmilroyna@themeforest.net,Male
840,Guido,Grigs,ggrigsnb@1688.com,Male
841,Mommy,De Domenici,mdedomenicinc@dedecms.com,Female
842,Rea,Bernlin,rbernlinnd@irs.gov,Female
843,Lizette,Brokenshaw,lbrokenshawne@printfriendly.com,Female
844,Montgomery,Dunklee,mdunkleenf@tinypic.com,Male
845,Reider,Impy,rimpyng@pen.io,Male
846,Riobard,Learmonth,rlearmonthnh@stanford.edu,Male
847,Catlaina,Caddan,ccaddanni@ca.gov,Female
848,Ray,MacCroary,rmaccroarynj@google.com.br,Female
849,Harland,Seabrocke,hseabrockenk@comsenz.com,Male
850,Erl,Blanko,eblankonl@bloglines.com,Male
851,Tracee,Howood,thowoodnm@nbcnews.com,Female
852,Mason,Raund,mraundnn@shutterfly.com,Male
853,Thornie,Rousby,trousbyno@mozilla.org,Male
854,Lucas,Reddington,lreddingtonnp@ihg.com,Male
855,Sosanna,Leehane,sleehanenq@prweb.com,Female
856,Carri,Cutforth,ccutforthnr@ocn.ne.jp,Female
857,Monro,Morrall,mmorrallns@github.com,Male
858,Dredi,Mathen,dmathennt@csmonitor.com,Female
859,Keefe,Kenington,kkeningtonnu@statcounter.com,Male
860,Vinny,Mothersdale,vmothersdalenv@xinhuanet.com,Male
861,Hewe,Gulland,hgullandnw@discuz.net,Male
862,Rhett,Leadbetter,rleadbetternx@mtv.com,Male
863,Rey,Reveland,rrevelandny@jugem.jp,Male
864,Fin,Diffley,fdiffleynz@ihg.com,Male
865,Currie,Sedge,csedgeo0@umn.edu,Male
866,Raine,Agronski,ragronskio1@psu.edu,Female
867,Hallie,Cavanagh,hcavanagho2@foxnews.com,Female
868,Peyter,Goodley,pgoodleyo3@list-manage.com,Male
869,Dalston,Peregrine,dperegrineo4@google.co.uk,Male
870,Audi,Eddow,aeddowo5@paypal.com,Female
871,Cross,Pinn,cpinno6@reverbnation.com,Male
872,Cesare,Bavester,cbavestero7@google.cn,Male
873,Sheffield,Sprake,ssprakeo8@github.com,Male
874,Tiffi,Gibbetts,tgibbettso9@cnet.com,Female
875,Zach,Ritelli,zritellioa@photobucket.com,Male
876,Yehudi,Yele,yyeleob@qq.com,Male
877,Kennith,Hubble,khubbleoc@indiatimes.com,Male
878,Berky,Longfoot,blongfootod@washington.edu,Male
879,Cathi,Ellens,cellensoe@typepad.com,Female
880,Hermie,Orrum,horrumof@scientificamerican.com,Male
881,Sabina,Melia,smeliaog@businessinsider.com,Female
882,Ximenez,Bernardotte,xbernardotteoh@ted.com,Male
883,Daron,Poltun,dpoltunoi@statcounter.com,Female
884,Ravid,Sollam,rsollamoj@youtube.com,Male
885,Cirilo,Heineking,cheinekingok@state.gov,Male
886,Angelina,Trayes,atrayesol@cnet.com,Female
887,Ruby,Smeath,rsmeathom@elpais.com,Female
888,Lesley,Bertelsen,lbertelsenon@prlog.org,Female
889,Gawen,Enever,geneveroo@newyorker.com,Male
890,Evangelin,Cutcliffe,ecutcliffeop@spotify.com,Female
891,Broddie,Winning,bwinningoq@scientificamerican.com,Male
892,Binni,Wooldridge,bwooldridgeor@hao123.com,Female
893,Manda,Ginni,mginnios@cbslocal.com,Female
894,Carmina,Aylmore,caylmoreot@fotki.com,Female
895,Arabella,Mayman,amaymanou@pbs.org,Female
896,Verina,Emberton,vembertonov@eepurl.com,Female
897,Fancy,McIlwraith,fmcilwraithow@google.com.au,Female
898,Tommie,Kleiner,tkleinerox@msn.com,Female
899,Hamish,Goodband,hgoodbandoy@springer.com,Male
900,Cory,Gillaspy,cgillaspyoz@washingtonpost.com,Male
901,Mayne,Behagg,mbehaggp0@yolasite.com,Male
902,Marcella,Stocks,mstocksp1@cnn.com,Female
903,Thorvald,Kleiser,tkleiserp2@hao123.com,Male
904,Mellicent,Avrahamy,mavrahamyp3@cmu.edu,Female
905,Marja,Cranham,mcranhamp4@printfriendly.com,Female
906,Benedict,McCuis,bmccuisp5@fc2.com,Male
907,Buffy,Skill,bskillp6@joomla.org,Female
908,Katinka,Kindell,kkindellp7@hugedomains.com,Female
909,Christabel,MacAllister,cmacallisterp8@aboutads.info,Female
910,Gwynne,Britcher,gbritcherp9@psu.edu,Female
911,Marcellina,Camilli,mcamillipa@sciencedaily.com,Female
912,Fletch,Niles,fnilespb@vkontakte.ru,Male
913,Boyd,Reeken,breekenpc@tamu.edu,Male
914,Tiertza,Dobrowolny,tdobrowolnypd@businessinsider.com,Female
915,Jannel,Jouhning,jjouhningpe@imgur.com,Female
916,Britni,Boyack,bboyackpf@chronoengine.com,Female
917,Rich,Heaseman,rheasemanpg@blogs.com,Male
918,Krystalle,Wynrehame,kwynrehameph@rambler.ru,Female
919,Harmonie,Starr,hstarrpi@php.net,Female
920,Danella,Lamy,dlamypj@trellian.com,Female
921,Tabbitha,Counihan,tcounihanpk@jiathis.com,Female
922,Charmion,Dulin,cdulinpl@samsung.com,Female
923,Felice,Caslett,fcaslettpm@example.com,Male
924,Denny,Reihm,dreihmpn@istockphoto.com,Female
925,Brandise,Arrowsmith,barrowsmithpo@dot.gov,Female
926,Jessica,Todarini,jtodarinipp@google.co.uk,Female
927,Raye,Castaner,rcastanerpq@webmd.com,Female
928,Hedda,Wadge,hwadgepr@so-net.ne.jp,Female
929,Lesya,Perone,lperoneps@twitpic.com,Female
930,Lorna,MacFayden,lmacfaydenpt@bloomberg.com,Female
931,Tabitha,Mann,tmannpu@house.gov,Female
932,Gretal,Matuszyk,gmatuszykpv@deliciousdays.com,Female
933,Wye,Totaro,wtotaropw@wsj.com,Male
934,Roldan,Brickstock,rbrickstockpx@posterous.com,Male
935,Tamiko,Trowle,ttrowlepy@prnewswire.com,Female
936,Mahala,Spring,mspringpz@wikipedia.org,Female
937,Uta,Dermot,udermotq0@opera.com,Female
938,Maudie,Burdfield,mburdfieldq1@tinyurl.com,Female
939,Tamarra,Rotham,trothamq2@geocities.jp,Female
940,Kalle,Jannasch,kjannaschq3@archive.org,Male
941,Curtis,Whithorn,cwhithornq4@netscape.com,Male
942,Giorgia,Izatt,gizattq5@woothemes.com,Female
943,Lanie,Beese,lbeeseq6@netvibes.com,Female
944,Dex,Killelay,dkillelayq7@marriott.com,Male
945,Gracia,Marshall,gmarshallq8@pen.io,Female
946,Jaimie,Ray,jrayq9@fema.gov,Male
947,Babbie,Wickett,bwickettqa@msu.edu,Female
948,Thea,Blowing,tblowingqb@rakuten.co.jp,Female
949,Asa,Lawly,alawlyqc@msn.com,Male
950,Lydia,Allonby,lallonbyqd@hud.gov,Female
951,Erena,Tincey,etinceyqe@google.co.uk,Female
952,Luella,Jewes,ljewesqf@cargocollective.com,Female
953,Daffie,Goodyear,dgoodyearqg@nytimes.com,Female
954,Dewain,Ghioni,dghioniqh@ucoz.ru,Male
955,Edouard,Saylor,esaylorqi@accuweather.com,Male
956,Tana,Alban,talbanqj@springer.com,Female
957,Ermanno,Bowkley,ebowkleyqk@purevolume.com,Male
958,Bail,Reihm,breihmql@state.gov,Male
959,Vevay,Bradden,vbraddenqm@networkadvertising.org,Female
960,Flinn,Court,fcourtqn@house.gov,Male
961,Annamaria,Janowicz,ajanowiczqo@state.gov,Female
962,Currey,Gauthorpp,cgauthorppqp@tumblr.com,Male
963,Elora,Hetterich,ehetterichqq@dagondesign.com,Female
964,Brock,Blues,bbluesqr@shareasale.com,Male
965,Peadar,Knoller,pknollerqs@va.gov,Male
966,Laurene,Bras,lbrasqt@artisteer.com,Female
967,Shaun,Feldhuhn,sfeldhuhnqu@bloomberg.com,Male
968,Kaspar,Tatlock,ktatlockqv@go.com,Male
969,Edgard,Girhard,egirhardqw@google.co.jp,Male
970,Hyacinth,Pedroli,hpedroliqx@meetup.com,Female
971,Galvan,Krink,gkrinkqy@list-manage.com,Male
972,Latrena,Tortice,ltorticeqz@blogs.com,Female
973,Jinny,Hutchin,jhutchinr0@soup.io,Female
974,Rodie,Harold,rharoldr1@123-reg.co.uk,Female
975,Moses,Spinella,mspinellar2@usnews.com,Male
976,Almeda,Randleson,arandlesonr3@ebay.co.uk,Female
977,Aurie,Jeromson,ajeromsonr4@vinaora.com,Female
978,Sibley,Winwright,swinwrightr5@un.org,Female
979,Matthias,Whittall,mwhittallr6@rediff.com,Male
980,Artemus,Gorner,agornerr7@irs.gov,Male
981,Wiley,Blayney,wblayneyr8@addthis.com,Male
982,Andriana,Pietron,apietronr9@go.com,Female
983,Berkeley,Chadburn,bchadburnra@miibeian.gov.cn,Male
984,Claudian,Turmell,cturmellrb@huffingtonpost.com,Male
985,Sinclair,Bonelle,sbonellerc@theglobeandmail.com,Male
986,Gui,Lawty,glawtyrd@telegraph.co.uk,Female
987,Byram,Hamson,bhamsonre@tiny.cc,Male
988,Sauncho,Fipp,sfipprf@instagram.com,Male
989,Meggie,Stickells,mstickellsrg@shareasale.com,Female
990,Shauna,Doggrell,sdoggrellrh@tamu.edu,Female
991,Rog,Edgcombe,redgcomberi@instagram.com,Male
992,Jaimie,Synnot,jsynnotrj@hubpages.com,Male
993,Pansy,Snoday,psnodayrk@constantcontact.com,Female
994,Candide,Sergeant,csergeantrl@accuweather.com,Female
995,Kile,Milesop,kmilesoprm@usnews.com,Male
996,Wallis,Belford,wbelfordrn@t-online.de,Male
997,Meridith,Keets,mkeetsro@jimdo.com,Female
998,Richmond,Giovannacci,rgiovannaccirp@taobao.com,Male
999,Sollie,Bickersteth,sbickerstethrq@amazon.co.jp,Male
1000,Marshal,Adamoli,madamolirr@list-manage.com,Male
